,acousticness,analysis_url,danceability,duration_ms,energy,id,instrumentalness,key,liveness,loudness,mode,speechiness,tempo,time_signature,track_href,type,uri,valence,song_title,artist_name,PeakPos,Popularity,Followers
0,0.708,https://api.spotify.com/v1/audio-analysis/4A2LfnduSTsE8u0ecYROxE,0.574,267107,0.465,4A2LfnduSTsE8u0ecYROxE,5.88E-05,2,0.0898,-8.953,1,0.0374,85.026,4,https://api.spotify.com/v1/tracks/4A2LfnduSTsE8u0ecYROxE,audio_features,spotify:track:4A2LfnduSTsE8u0ecYROxE,0.328,You Are In Love,Taylor Swift,83,96,7797740
0,0.0923,https://api.spotify.com/v1/audio-analysis/7hIRQZhDjab4YgqkkkehV9,0.484,241640,0.715,7hIRQZhDjab4YgqkkkehV9,0,2,0.112,-6.005,1,0.0478,140.073,4,https://api.spotify.com/v1/tracks/7hIRQZhDjab4YgqkkkehV9,audio_features,spotify:track:7hIRQZhDjab4YgqkkkehV9,0.313,If I Lose Myself,OneRepublic,74,88,3277714
0,0.055,https://api.spotify.com/v1/audio-analysis/7zsXy7vlHdItvUSH8EwQss,0.602,185360,0.797,7zsXy7vlHdItvUSH8EwQss,0,6,0.187,-5.084,0,0.0534,92.928,4,https://api.spotify.com/v1/tracks/7zsXy7vlHdItvUSH8EwQss,audio_features,spotify:track:7zsXy7vlHdItvUSH8EwQss,0.492,Cold,Maroon 5 Featuring Future,16,90,2813647
0,0.00541,https://api.spotify.com/v1/audio-analysis/2flWhcGYxQHhb1EeeU2dOL,0.529,207307,0.8,2flWhcGYxQHhb1EeeU2dOL,0,2,0.104,-3.726,1,0.031,100.035,4,https://api.spotify.com/v1/tracks/2flWhcGYxQHhb1EeeU2dOL,audio_features,spotify:track:2flWhcGYxQHhb1EeeU2dOL,0.687,Bar At The End Of The World,Kenny Chesney,92,77,1256782
0,0.715,https://api.spotify.com/v1/audio-analysis/586T4NFpg34rcFG3q7y2I3,0.497,202693,0.722,586T4NFpg34rcFG3q7y2I3,1.23E-06,5,0.183,-2.165,0,0.0323,86.782,4,https://api.spotify.com/v1/tracks/586T4NFpg34rcFG3q7y2I3,audio_features,spotify:track:586T4NFpg34rcFG3q7y2I3,0.414,Our Kind Of Love,Lady Antebellum,51,76,1095943
0,0.0841,https://api.spotify.com/v1/audio-analysis/5Sn6Sn0L2bD9ihdz5pbUed,0.876,340413,0.63,5Sn6Sn0L2bD9ihdz5pbUed,0,2,0.0838,-4.992,1,0.135,131.033,4,https://api.spotify.com/v1/tracks/5Sn6Sn0L2bD9ihdz5pbUed,audio_features,spotify:track:5Sn6Sn0L2bD9ihdz5pbUed,0.316,Move That Doh,"Future Featuring Pharrell, Pusha T & Casino",46,96,4670648
0,0.103,https://api.spotify.com/v1/audio-analysis/7cioKB5CHVzk09SOtTyn0T,0.436,369040,0.534,7cioKB5CHVzk09SOtTyn0T,0.00643,1,0.507,-9.416,0,0.0773,122.822,4,https://api.spotify.com/v1/tracks/7cioKB5CHVzk09SOtTyn0T,audio_features,spotify:track:7cioKB5CHVzk09SOtTyn0T,0.325,Haunted,Taylor Swift,63,93,9371881
0,0.0848,https://api.spotify.com/v1/audio-analysis/2aksifNn5ph8igDOkPBA02,0.506,224000,0.641,2aksifNn5ph8igDOkPBA02,8.09E-06,4,0.073,-4.815,0,0.0456,171.957,3,https://api.spotify.com/v1/tracks/2aksifNn5ph8igDOkPBA02,audio_features,spotify:track:2aksifNn5ph8igDOkPBA02,0.393,Love On The Brain,Rihanna,5,95,15052889
0,0.0426,https://api.spotify.com/v1/audio-analysis/2Foc5Q5nqNiosCNqttzHof,0.794,248413,0.811,2Foc5Q5nqNiosCNqttzHof,1.07E-06,6,0.101,-8.966,0,0.038,116.047,4,https://api.spotify.com/v1/tracks/2Foc5Q5nqNiosCNqttzHof,audio_features,spotify:track:2Foc5Q5nqNiosCNqttzHof,0.862,Get Lucky,Daft Punk Featuring Pharrell Williams,2,86,3766994
0,0.812,https://api.spotify.com/v1/audio-analysis/1PoGWZbJPGmViVi7CYbDUK,0.571,202627,0.43,1PoGWZbJPGmViVi7CYbDUK,7.99E-05,8,0.164,-7.439,1,0.0319,77.961,4,https://api.spotify.com/v1/tracks/1PoGWZbJPGmViVi7CYbDUK,audio_features,spotify:track:1PoGWZbJPGmViVi7CYbDUK,0.285,Drink A Beer,Luke Bryan,31,83,2050546
0,0.0186,https://api.spotify.com/v1/audio-analysis/40YcuQysJ0KlGQTeGUosTC,0.757,251467,0.672,40YcuQysJ0KlGQTeGUosTC,0,0,0.158,-6.524,0,0.0955,111.996,4,https://api.spotify.com/v1/tracks/40YcuQysJ0KlGQTeGUosTC,audio_features,spotify:track:40YcuQysJ0KlGQTeGUosTC,0.382,"Me, Myself & I",G-Eazy x Bebe Rexha,7,90,2540285
0,0.00916,https://api.spotify.com/v1/audio-analysis/66pxmg3Jhjm09tHoWR1wVR,0.612,212893,0.848,66pxmg3Jhjm09tHoWR1wVR,0,6,0.366,-3.736,1,0.0368,120.996,4,https://api.spotify.com/v1/tracks/66pxmg3Jhjm09tHoWR1wVR,audio_features,spotify:track:66pxmg3Jhjm09tHoWR1wVR,0.719,Hallelujah,Lindsey Stirling,81,77,1256783
0,0.0636,https://api.spotify.com/v1/audio-analysis/4hxPwjXNymrxLJD4YaeH1b,0.446,172102,0.759,4hxPwjXNymrxLJD4YaeH1b,0,2,0.098,-5.053,1,0.0331,170.17,4,https://api.spotify.com/v1/tracks/4hxPwjXNymrxLJD4YaeH1b,audio_features,spotify:track:4hxPwjXNymrxLJD4YaeH1b,0.56,Over You,Miranda Lambert,35,61,4660
0,0.138,https://api.spotify.com/v1/audio-analysis/4sHOAALFZiNa4wukjPSBpq,0.516,235147,0.745,4sHOAALFZiNa4wukjPSBpq,0,9,0.114,-5.674,1,0.0381,177.781,4,https://api.spotify.com/v1/tracks/4sHOAALFZiNa4wukjPSBpq,audio_features,spotify:track:4sHOAALFZiNa4wukjPSBpq,0.77,Come Back Song,Darius Rucker,37,74,565151
0,0.37,https://api.spotify.com/v1/audio-analysis/5DOR49R0fehoBmyNL8m4sN,0.645,272453,0.836,5DOR49R0fehoBmyNL8m4sN,0,2,0.125,-7.23,0,0.159,123.966,4,https://api.spotify.com/v1/tracks/5DOR49R0fehoBmyNL8m4sN,audio_features,spotify:track:5DOR49R0fehoBmyNL8m4sN,0.176,Hell Of A Night,Dustin Lynch,55,83,1378041
0,0.00954,https://api.spotify.com/v1/audio-analysis/6MAdEUilV2p9RQUqE5bMAK,0.763,231693,0.556,6MAdEUilV2p9RQUqE5bMAK,0,7,0.0496,-4.509,1,0.0387,126.985,4,https://api.spotify.com/v1/tracks/6MAdEUilV2p9RQUqE5bMAK,audio_features,spotify:track:6MAdEUilV2p9RQUqE5bMAK,0.792,Domino,Jessie J,6,78,2935048
0,0.0111,https://api.spotify.com/v1/audio-analysis/3sLBdi6Wa1qHLANpVOGiZO,0.593,219664,0.858,3sLBdi6Wa1qHLANpVOGiZO,0,9,0.163,-3.749,1,0.103,127.997,4,https://api.spotify.com/v1/tracks/3sLBdi6Wa1qHLANpVOGiZO,audio_features,spotify:track:3sLBdi6Wa1qHLANpVOGiZO,0.734,I Like How It Feels,Enrique Iglesias Featuring Pitbull & The WAV.s,74,85,4092294
0,0.00322,https://api.spotify.com/v1/audio-analysis/17Q87zeXgsAi9iQQbMu9v0,0.592,202451,0.455,17Q87zeXgsAi9iQQbMu9v0,3.72E-05,1,0.154,-7.698,1,0.393,146.316,4,https://api.spotify.com/v1/tracks/17Q87zeXgsAi9iQQbMu9v0,audio_features,spotify:track:17Q87zeXgsAi9iQQbMu9v0,0.0633,Summer Sixteen,Drake,6,99,13839338
0,0.0389,https://api.spotify.com/v1/audio-analysis/4yL5WpJZmoxAV4udhE55VY,0.387,225413,0.861,4yL5WpJZmoxAV4udhE55VY,0.00047,4,0.1,-5.529,1,0.0413,177.94,4,https://api.spotify.com/v1/tracks/4yL5WpJZmoxAV4udhE55VY,audio_features,spotify:track:4yL5WpJZmoxAV4udhE55VY,0.482,Country Nation,Brad Paisley,94,74,933876
0,0.0808,https://api.spotify.com/v1/audio-analysis/6xSsJNkReuJzerqcIlBzBi,0.739,287851,0.616,6xSsJNkReuJzerqcIlBzBi,0,8,0.0759,-7.246,1,0.0621,129.016,4,https://api.spotify.com/v1/tracks/6xSsJNkReuJzerqcIlBzBi,audio_features,spotify:track:6xSsJNkReuJzerqcIlBzBi,0.341,I Bet,Ciara,43,75,1817703
0,0.111,https://api.spotify.com/v1/audio-analysis/1W7zkKgRv9mrLbfdQ8XyH3,0.439,177029,0.447,1W7zkKgRv9mrLbfdQ8XyH3,0,10,0.303,-8.318,0,0.0436,121.48,4,https://api.spotify.com/v1/tracks/1W7zkKgRv9mrLbfdQ8XyH3,audio_features,spotify:track:1W7zkKgRv9mrLbfdQ8XyH3,0.11,Gangsta,Kehlani,41,0,314179
0,0.0278,https://api.spotify.com/v1/audio-analysis/73hlXep4OHLx28ewDZXexh,0.567,206640,0.838,73hlXep4OHLx28ewDZXexh,1.27E-06,0,0.0912,-4.582,1,0.0286,144.051,4,https://api.spotify.com/v1/tracks/73hlXep4OHLx28ewDZXexh,audio_features,spotify:track:73hlXep4OHLx28ewDZXexh,0.803,Beers Ago,Toby Keith,52,72,673657
0,0.00392,https://api.spotify.com/v1/audio-analysis/3stOygN0I7CIvkEB2LJGbv,0.452,272417,0.894,3stOygN0I7CIvkEB2LJGbv,0,2,0.124,-2.988,1,0.224,176.097,4,https://api.spotify.com/v1/tracks/3stOygN0I7CIvkEB2LJGbv,audio_features,spotify:track:3stOygN0I7CIvkEB2LJGbv,0.431,Survival,Eminem,16,96,11500429
0,0.477,https://api.spotify.com/v1/audio-analysis/19cL3SOKpwnwoKkII7U3Wh,0.712,218228,0.763,19cL3SOKpwnwoKkII7U3Wh,0.00118,7,0.114,-6.254,1,0.0867,142.031,4,https://api.spotify.com/v1/tracks/19cL3SOKpwnwoKkII7U3Wh,audio_features,spotify:track:19cL3SOKpwnwoKkII7U3Wh,0.503,Geronimo,Sheppard,53,65,156260
0,3.62E-05,https://api.spotify.com/v1/audio-analysis/4hml622B6H03mqON7freWB,0.464,230107,0.993,4hml622B6H03mqON7freWB,0.0076,7,0.95,-4.281,1,0.0957,93.528,4,https://api.spotify.com/v1/tracks/4hml622B6H03mqON7freWB,audio_features,spotify:track:4hml622B6H03mqON7freWB,0.204,Live For The Night,Krewella,100,74,945432
0,0.221,https://api.spotify.com/v1/audio-analysis/4Ro98RCK90oHqqSZUnTFq5,0.87,204502,0.488,4Ro98RCK90oHqqSZUnTFq5,0,6,0.0767,-5.586,1,0.0537,106.008,4,https://api.spotify.com/v1/tracks/4Ro98RCK90oHqqSZUnTFq5,audio_features,spotify:track:4Ro98RCK90oHqqSZUnTFq5,0.519,Strip,Chris Brown Featuring Kevin K-MAC McCall,37,85,614317
0,0.254,https://api.spotify.com/v1/audio-analysis/7tFiyTwD0nx5a1eklYtX2J,0.397,354320,0.396,7tFiyTwD0nx5a1eklYtX2J,0,3,0.268,-9.91,1,0.05,142.913,4,https://api.spotify.com/v1/tracks/7tFiyTwD0nx5a1eklYtX2J,audio_features,spotify:track:7tFiyTwD0nx5a1eklYtX2J,0.227,Bohemian Rhapsody,Panic! At The Disco,64,87,5121810
0,0.0111,https://api.spotify.com/v1/audio-analysis/5f5r2N4Lp9WoULWPH9zp2W,0.636,228438,0.568,5f5r2N4Lp9WoULWPH9zp2W,0,1,0.117,-8.441,1,0.419,82.495,4,https://api.spotify.com/v1/tracks/5f5r2N4Lp9WoULWPH9zp2W,audio_features,spotify:track:5f5r2N4Lp9WoULWPH9zp2W,0.438,Can't Have Everything,Drake,82,99,13839338
0,0.0159,https://api.spotify.com/v1/audio-analysis/4d2hD63oUGU3s7L66JD0BE,0.792,237267,0.856,4d2hD63oUGU3s7L66JD0BE,2.88E-06,11,0.0981,-5.236,0,0.067,127.988,4,https://api.spotify.com/v1/tracks/4d2hD63oUGU3s7L66JD0BE,audio_features,spotify:track:4d2hD63oUGU3s7L66JD0BE,0.714,Dance Again,Jennifer Lopez Featuring Pitbull,17,82,3021729
0,0.0795,https://api.spotify.com/v1/audio-analysis/273dCMFseLcVsoSWx59IoE,0.65,211933,0.793,273dCMFseLcVsoSWx59IoE,1.30E-05,7,0.168,-6.083,1,0.185,170.101,4,https://api.spotify.com/v1/tracks/273dCMFseLcVsoSWx59IoE,audio_features,spotify:track:273dCMFseLcVsoSWx59IoE,0.29,Blood.,Kendrick Lamar,54,96,7797747
0,0.00446,https://api.spotify.com/v1/audio-analysis/6tS3XVuOyu10897O3ae7bi,0.791,234653,0.754,6tS3XVuOyu10897O3ae7bi,0,0,0.163,-3.729,1,0.0569,125.014,4,https://api.spotify.com/v1/tracks/6tS3XVuOyu10897O3ae7bi,audio_features,spotify:track:6tS3XVuOyu10897O3ae7bi,0.425,California Gurls,Katy Perry Featuring Snoop Dogg,1,90,7495555
0,0.0134,https://api.spotify.com/v1/audio-analysis/4f3NHOxgC8Bg21IJBg4cZ3,0.875,169160,0.963,4f3NHOxgC8Bg21IJBg4cZ3,0.263,4,0.212,-0.858,1,0.147,128.116,4,https://api.spotify.com/v1/tracks/4f3NHOxgC8Bg21IJBg4cZ3,audio_features,spotify:track:4f3NHOxgC8Bg21IJBg4cZ3,0.757,Freaks,French Montana Featuring Nicki Minaj,77,73,223491
0,0.101,https://api.spotify.com/v1/audio-analysis/1j4kHkkpqZRBwE0A4CN4Yv,0.258,239000,0.437,1j4kHkkpqZRBwE0A4CN4Yv,1.27E-06,11,0.106,-6.593,0,0.039,180.043,4,https://api.spotify.com/v1/tracks/1j4kHkkpqZRBwE0A4CN4Yv,audio_features,spotify:track:1j4kHkkpqZRBwE0A4CN4Yv,0.0967,Radio,Darius Rucker,65,91,2321964
0,0.0802,https://api.spotify.com/v1/audio-analysis/2sLwPnIP3CUVmIuHranJZU,0.697,193296,0.621,2sLwPnIP3CUVmIuHranJZU,0,9,0.162,-6.886,0,0.25,81.946,4,https://api.spotify.com/v1/tracks/2sLwPnIP3CUVmIuHranJZU,audio_features,spotify:track:2sLwPnIP3CUVmIuHranJZU,0.721,Wiggle,Jason Derulo Featuring Snoop Dogg,5,89,3802151
0,0.914,https://api.spotify.com/v1/audio-analysis/4VuS959DSpr82t3qBqCrWG,0.589,221107,0.242,4VuS959DSpr82t3qBqCrWG,0,6,0.0887,-10.517,1,0.0442,89.749,4,https://api.spotify.com/v1/tracks/4VuS959DSpr82t3qBqCrWG,audio_features,spotify:track:4VuS959DSpr82t3qBqCrWG,0.257,Supermarket Flowers,Ed Sheeran,75,99,13745061
0,0.0126,https://api.spotify.com/v1/audio-analysis/4lY95OMGb9WxP6IYut64ir,0.519,277720,0.808,4lY95OMGb9WxP6IYut64ir,0,10,0.105,-4.097,1,0.0383,107.505,4,https://api.spotify.com/v1/tracks/4lY95OMGb9WxP6IYut64ir,audio_features,spotify:track:4lY95OMGb9WxP6IYut64ir,0.251,Shake It Out,Florence + The Machine,72,80,3242577
0,0.357,https://api.spotify.com/v1/audio-analysis/10M2Ex445zw585Ducldzkw,0.599,224853,0.542,10M2Ex445zw585Ducldzkw,0,10,0.104,-7.274,1,0.0304,148.003,4,https://api.spotify.com/v1/tracks/10M2Ex445zw585Ducldzkw,audio_features,spotify:track:10M2Ex445zw585Ducldzkw,0.383,In Case You Didn't Know,Brett Young,19,76,97014
0,0.929,https://api.spotify.com/v1/audio-analysis/1OMdL6Ut9yYWgq05eUKGuq,0.423,186974,0.223,1OMdL6Ut9yYWgq05eUKGuq,0.906,5,0.125,-15.328,0,0.0289,137.169,3,https://api.spotify.com/v1/tracks/1OMdL6Ut9yYWgq05eUKGuq,audio_features,spotify:track:1OMdL6Ut9yYWgq05eUKGuq,0.0379,Pretending,Glee Cast,40,58,2573
0,0.521,https://api.spotify.com/v1/audio-analysis/5FDh0G5oQ2UD9JxWiDCT1x,0.658,257387,0.475,5FDh0G5oQ2UD9JxWiDCT1x,0.0067,7,0.176,-11.703,1,0.0292,153.851,4,https://api.spotify.com/v1/tracks/5FDh0G5oQ2UD9JxWiDCT1x,audio_features,spotify:track:5FDh0G5oQ2UD9JxWiDCT1x,0.685,Paper Doll,John Mayer,77,86,2452877
0,0.159,https://api.spotify.com/v1/audio-analysis/1vjx9wZEyhhM1VRmIoDiRk,0.601,251227,0.682,1vjx9wZEyhhM1VRmIoDiRk,0,1,0.0786,-4.548,1,0.0282,111.006,4,https://api.spotify.com/v1/tracks/1vjx9wZEyhhM1VRmIoDiRk,audio_features,spotify:track:1vjx9wZEyhhM1VRmIoDiRk,0.337,Don't Let Me Be Lonely,The Band Perry,59,64,529973
0,0.0265,https://api.spotify.com/v1/audio-analysis/20fAoPjfYltmd3K3bO7gbt,0.729,171333,0.672,20fAoPjfYltmd3K3bO7gbt,0,7,0.244,-6.749,1,0.282,159.903,4,https://api.spotify.com/v1/tracks/20fAoPjfYltmd3K3bO7gbt,audio_features,spotify:track:20fAoPjfYltmd3K3bO7gbt,0.595,Stick Talk,Future,91,96,4670660
0,0.146,https://api.spotify.com/v1/audio-analysis/7yz6wjkAV0ZByLrlcrMkAx,0.885,250773,0.615,7yz6wjkAV0ZByLrlcrMkAx,0,8,0.0651,-6.714,1,0.123,97.999,4,https://api.spotify.com/v1/tracks/7yz6wjkAV0ZByLrlcrMkAx,audio_features,spotify:track:7yz6wjkAV0ZByLrlcrMkAx,0.598,Act Right,Yo Gotti Featuring Jeezy & YG,100,86,1116531
0,0.0525,https://api.spotify.com/v1/audio-analysis/5HQVUIKwCEXpe7JIHyY734,0.715,207333,0.655,5HQVUIKwCEXpe7JIHyY734,0,0,0.115,-6.425,1,0.137,95.078,4,https://api.spotify.com/v1/tracks/5HQVUIKwCEXpe7JIHyY734,audio_features,spotify:track:5HQVUIKwCEXpe7JIHyY734,0.531,"Young, Wild & Free",Snoop Dogg & Wiz Khalifa Featuring Bruno Mars,7,87,2803109
0,0.000343,https://api.spotify.com/v1/audio-analysis/46BMGjAnLVVR1gZcayw93j,0.478,217707,0.927,46BMGjAnLVVR1gZcayw93j,0,0,0.359,-4.266,1,0.047,125.346,4,https://api.spotify.com/v1/tracks/46BMGjAnLVVR1gZcayw93j,audio_features,spotify:track:46BMGjAnLVVR1gZcayw93j,0.775,I'm Not Gonna Teach Your Boyfriend To Dance With You,Glee Cast,72,50,47406
0,0.00986,https://api.spotify.com/v1/audio-analysis/6VwBbL8CzPiC4QV66ay7oR,0.658,323747,0.592,6VwBbL8CzPiC4QV66ay7oR,4.21E-06,11,0.377,-5.203,0,0.0318,114.058,4,https://api.spotify.com/v1/tracks/6VwBbL8CzPiC4QV66ay7oR,audio_features,spotify:track:6VwBbL8CzPiC4QV66ay7oR,0.323,Wicked Games,The Weeknd,53,95,8247005
0,0.35,https://api.spotify.com/v1/audio-analysis/6hr4weuSidHy2LNMw8UVJ2,0.691,198907,0.336,6hr4weuSidHy2LNMw8UVJ2,0.000684,0,0.119,-10.843,1,0.0392,135.954,4,https://api.spotify.com/v1/tracks/6hr4weuSidHy2LNMw8UVJ2,audio_features,spotify:track:6hr4weuSidHy2LNMw8UVJ2,0.613,Like A Wrecking Ball,Eric Church,51,78,1087151
0,0.0832,https://api.spotify.com/v1/audio-analysis/03fT3OHB9KyMtGMt2zwqCT,0.51,226867,0.898,03fT3OHB9KyMtGMt2zwqCT,0,11,0.071,-3.15,1,0.0696,144.056,4,https://api.spotify.com/v1/tracks/03fT3OHB9KyMtGMt2zwqCT,audio_features,spotify:track:03fT3OHB9KyMtGMt2zwqCT,0.596,Crash My Party,Luke Bryan,18,83,2050550
0,0.857,https://api.spotify.com/v1/audio-analysis/6Vc5wAMmXdKIAM7WUoEb7N,0.407,229400,0.147,6Vc5wAMmXdKIAM7WUoEb7N,2.89E-06,2,0.0913,-8.822,1,0.0355,141.284,3,https://api.spotify.com/v1/tracks/6Vc5wAMmXdKIAM7WUoEb7N,audio_features,spotify:track:6Vc5wAMmXdKIAM7WUoEb7N,0.0765,Something Big,Shawn Mendes,80,72,250586
0,0.0935,https://api.spotify.com/v1/audio-analysis/1vvNmPOiUuyCbgWmtc6yfm,0.819,219160,0.913,1vvNmPOiUuyCbgWmtc6yfm,3.72E-05,4,0.161,-3.059,0,0.0427,119.989,4,https://api.spotify.com/v1/tracks/1vvNmPOiUuyCbgWmtc6yfm,audio_features,spotify:track:1vvNmPOiUuyCbgWmtc6yfm,0.536,My Way,Calvin Harris,24,91,8374604
0,0.0534,https://api.spotify.com/v1/audio-analysis/5QjJgPU8AJeickx34f7on6,0.605,199904,0.873,5QjJgPU8AJeickx34f7on6,0.837,1,0.314,-5.938,0,0.0344,126.026,4,https://api.spotify.com/v1/tracks/5QjJgPU8AJeickx34f7on6,audio_features,spotify:track:5QjJgPU8AJeickx34f7on6,0.476,Levels,Avicii,60,91,6655413
0,0.00629,https://api.spotify.com/v1/audio-analysis/12lZTPlXwUtrQuhEty6098,0.7,203333,0.695,12lZTPlXwUtrQuhEty6098,0,7,0.0319,-4.973,1,0.0897,122.028,4,https://api.spotify.com/v1/tracks/12lZTPlXwUtrQuhEty6098,audio_features,spotify:track:12lZTPlXwUtrQuhEty6098,0.633,Raise Your Glass,Glee Cast,36,91,3083065
0,0.0199,https://api.spotify.com/v1/audio-analysis/2Xqd0wUttjueBfdcltADOv,0.837,211006,0.791,2Xqd0wUttjueBfdcltADOv,0,1,0.0836,-3.824,1,0.251,176.003,4,https://api.spotify.com/v1/tracks/2Xqd0wUttjueBfdcltADOv,audio_features,spotify:track:2Xqd0wUttjueBfdcltADOv,0.379,No Limit,G-Eazy Featuring A$AP Rocky & Cardi B,32,90,2540289
0,0.0408,https://api.spotify.com/v1/audio-analysis/6rqxivjFHp8K0yMiefG56g,0.553,335267,0.882,6rqxivjFHp8K0yMiefG56g,0.241,6,0.146,-5.515,1,0.0294,97.006,4,https://api.spotify.com/v1/tracks/6rqxivjFHp8K0yMiefG56g,audio_features,spotify:track:6rqxivjFHp8K0yMiefG56g,0.529,Stay A Little Longer,Brothers Osborne,46,70,140603
0,0.902,https://api.spotify.com/v1/audio-analysis/13ICn1TfMEB6DhYvc9dR6b,0.682,213013,0.366,13ICn1TfMEB6DhYvc9dR6b,0.000119,9,0.0965,-8.391,1,0.0353,125.08,4,https://api.spotify.com/v1/tracks/13ICn1TfMEB6DhYvc9dR6b,audio_features,spotify:track:13ICn1TfMEB6DhYvc9dR6b,0.59,Police Dog Blues,Hugh Laurie,58,53,118234
0,0.211,https://api.spotify.com/v1/audio-analysis/63dHVDt4TXudnl2K1eziJT,0.738,151987,0.763,63dHVDt4TXudnl2K1eziJT,0,7,0.0697,-6.002,0,0.0615,108.075,4,https://api.spotify.com/v1/tracks/63dHVDt4TXudnl2K1eziJT,audio_features,spotify:track:63dHVDt4TXudnl2K1eziJT,0.483,When I Get You Alone,Glee Cast,47,81,763350
0,0.159,https://api.spotify.com/v1/audio-analysis/0DZ9wBfMCH17odOgdTmNlB,0.902,177048,0.673,0DZ9wBfMCH17odOgdTmNlB,0,4,0.289,-7.481,1,0.458,132.066,4,https://api.spotify.com/v1/tracks/0DZ9wBfMCH17odOgdTmNlB,audio_features,spotify:track:0DZ9wBfMCH17odOgdTmNlB,0.615,For Real,Lil Uzi Vert,82,96,2333245
0,0.0653,https://api.spotify.com/v1/audio-analysis/1X1DWw2pcNZ8zSub3uhlNz,0.421,202533,0.873,1X1DWw2pcNZ8zSub3uhlNz,0,10,0.123,-4.343,1,0.0565,84.803,4,https://api.spotify.com/v1/tracks/1X1DWw2pcNZ8zSub3uhlNz,audio_features,spotify:track:1X1DWw2pcNZ8zSub3uhlNz,0.63,Hall Of Fame,The Script Featuring will.i.am,25,84,2394978
0,0.0203,https://api.spotify.com/v1/audio-analysis/31pEV5lPJi7btskZoUr2yu,0.566,242573,0.484,31pEV5lPJi7btskZoUr2yu,0.000147,4,0.171,-7.191,1,0.0274,145.977,4,https://api.spotify.com/v1/tracks/31pEV5lPJi7btskZoUr2yu,audio_features,spotify:track:31pEV5lPJi7btskZoUr2yu,0.22,I Almost Do,Taylor Swift,65,96,7797757
0,0.1,https://api.spotify.com/v1/audio-analysis/05ZACkzW8YbRq3eFgIfSNB,0.692,263387,0.809,05ZACkzW8YbRq3eFgIfSNB,9.77E-05,2,0.185,-5.935,1,0.0255,104.023,4,https://api.spotify.com/v1/tracks/05ZACkzW8YbRq3eFgIfSNB,audio_features,spotify:track:05ZACkzW8YbRq3eFgIfSNB,0.927,Springsteen,Eric Church,19,78,1087151
0,0.0318,https://api.spotify.com/v1/audio-analysis/2EvddT8rcO99bKH0rDHAYG,0.56,232107,0.809,2EvddT8rcO99bKH0rDHAYG,0,11,0.166,-5.327,1,0.0358,127.914,4,https://api.spotify.com/v1/tracks/2EvddT8rcO99bKH0rDHAYG,audio_features,spotify:track:2EvddT8rcO99bKH0rDHAYG,0.563,We Are Tonight,Billy Currington,60,75,594116
0,0.015,https://api.spotify.com/v1/audio-analysis/4woTEX1wYOTGDqNXuavlRC,0.803,350227,0.753,4woTEX1wYOTGDqNXuavlRC,0,4,0.204,-3.542,0,0.0625,129.998,4,https://api.spotify.com/v1/tracks/4woTEX1wYOTGDqNXuavlRC,audio_features,spotify:track:4woTEX1wYOTGDqNXuavlRC,0.557,Superman,Taylor Swift,26,96,11500444
0,0.02,https://api.spotify.com/v1/audio-analysis/0gRczqVHrEQQDyizJUtgRc,0.761,185200,0.856,0gRczqVHrEQQDyizJUtgRc,0,0,0.149,-3.65,0,0.0731,106.009,4,https://api.spotify.com/v1/tracks/0gRczqVHrEQQDyizJUtgRc,audio_features,spotify:track:0gRczqVHrEQQDyizJUtgRc,0.967,Troublemaker,Olly Murs Featuring Flo Rida,25,76,1143408
0,0.247,https://api.spotify.com/v1/audio-analysis/6foxplXS0YEq8cO374Lty4,0.95,124056,0.533,6foxplXS0YEq8cO374Lty4,0,5,0.114,-7.022,1,0.148,119.869,4,https://api.spotify.com/v1/tracks/6foxplXS0YEq8cO374Lty4,audio_features,spotify:track:6foxplXS0YEq8cO374Lty4,0.675,Gucci Gucci,Kreayshawn,57,91,1099608
0,0.0466,https://api.spotify.com/v1/audio-analysis/3Vn9oCZbdI1EMO7jxdz2Rc,0.66,382387,0.695,3Vn9oCZbdI1EMO7jxdz2Rc,0.145,9,0.0854,-6.896,0,0.029,129.972,4,https://api.spotify.com/v1/tracks/3Vn9oCZbdI1EMO7jxdz2Rc,audio_features,spotify:track:3Vn9oCZbdI1EMO7jxdz2Rc,0.506,Lazarus,David Bowie,40,82,2102043
0,0.00527,https://api.spotify.com/v1/audio-analysis/5nqof30JRAkvfxcj9cgS0n,0.465,207507,0.558,5nqof30JRAkvfxcj9cgS0n,0.00135,7,0.206,-6.753,1,0.0405,183.96,4,https://api.spotify.com/v1/tracks/5nqof30JRAkvfxcj9cgS0n,audio_features,spotify:track:5nqof30JRAkvfxcj9cgS0n,0.493,Conqueror,Empire Cast Featuring Estelle & Jussie Smollett,42,69,365214
0,0.0418,https://api.spotify.com/v1/audio-analysis/2yWtLaPCOUDyi7f1lOXCn5,0.475,209587,0.936,2yWtLaPCOUDyi7f1lOXCn5,0,5,0.0873,-2.545,1,0.0413,151.988,4,https://api.spotify.com/v1/tracks/2yWtLaPCOUDyi7f1lOXCn5,audio_features,spotify:track:2yWtLaPCOUDyi7f1lOXCn5,0.598,Anywhere With You,Jake Owen,46,70,606524
0,0.184,https://api.spotify.com/v1/audio-analysis/3L7RtEcu1Hw3OXrpnthngx,0.731,236920,0.738,3L7RtEcu1Hw3OXrpnthngx,0,9,0.214,-8.125,0,0.0377,117.656,4,https://api.spotify.com/v1/tracks/3L7RtEcu1Hw3OXrpnthngx,audio_features,spotify:track:3L7RtEcu1Hw3OXrpnthngx,0.958,Don't You Want Me,Glee Cast,49,66,174131
0,0.0108,https://api.spotify.com/v1/audio-analysis/1mz9ZrRYu3EPVg9ZHFtjjf,0.761,240907,0.649,1mz9ZrRYu3EPVg9ZHFtjjf,3.03E-06,5,0.0834,-5.071,0,0.197,130.033,4,https://api.spotify.com/v1/tracks/1mz9ZrRYu3EPVg9ZHFtjjf,audio_features,spotify:track:1mz9ZrRYu3EPVg9ZHFtjjf,0.504,A Little Party Never Killed Nobody (All We Got),"Fergie, Q-Tip & GoonRock",77,0,314179
0,0.00193,https://api.spotify.com/v1/audio-analysis/2U8g9wVcUu9wsg6i7sFSv8,0.425,240796,0.733,2U8g9wVcUu9wsg6i7sFSv8,0.00922,9,0.171,-6.883,1,0.0396,117.985,4,https://api.spotify.com/v1/tracks/2U8g9wVcUu9wsg6i7sFSv8,audio_features,spotify:track:2U8g9wVcUu9wsg6i7sFSv8,0.313,Every Teardrop Is A Waterfall,Coldplay,14,93,8966335
0,0.00473,https://api.spotify.com/v1/audio-analysis/0byFa7HDKamSnzxMPEF6dj,0.549,119000,0.317,0byFa7HDKamSnzxMPEF6dj,0.0308,7,0.0955,-11.473,1,0.0299,117.894,4,https://api.spotify.com/v1/tracks/0byFa7HDKamSnzxMPEF6dj,audio_features,spotify:track:0byFa7HDKamSnzxMPEF6dj,0.196,Oh Sweet Lorraine,Green Shoe Studio Featuring Jacob Colgan & Fred Stobaugh,42,25,274
0,0.822,https://api.spotify.com/v1/audio-analysis/11qh54D0PKkBwelpDxxiEU,0.513,193320,0.221,11qh54D0PKkBwelpDxxiEU,0,0,0.113,-10.233,1,0.0302,173.865,3,https://api.spotify.com/v1/tracks/11qh54D0PKkBwelpDxxiEU,audio_features,spotify:track:11qh54D0PKkBwelpDxxiEU,0.354,Girl Crush,Little Big Town,18,71,656256
0,0.142,https://api.spotify.com/v1/audio-analysis/4KW1lqgSr8TKrvBII0Brf8,0.714,135920,0.566,4KW1lqgSr8TKrvBII0Brf8,1.25E-06,7,0.57,-4.408,1,0.056,113.074,4,https://api.spotify.com/v1/tracks/4KW1lqgSr8TKrvBII0Brf8,audio_features,spotify:track:4KW1lqgSr8TKrvBII0Brf8,0.449,My Life,50 Cent Featuring Eminem & Adam Levine,27,93,5769113
0,0.083,https://api.spotify.com/v1/audio-analysis/0iA1unTbTbDOWUSlbwJ1pS,0.503,184506,0.824,0iA1unTbTbDOWUSlbwJ1pS,0,3,0.21,-4.039,1,0.0524,161.981,4,https://api.spotify.com/v1/tracks/0iA1unTbTbDOWUSlbwJ1pS,audio_features,spotify:track:0iA1unTbTbDOWUSlbwJ1pS,0.448,It Don't Hurt Like It Used To,Billy Currington,44,75,594116
0,0.763,https://api.spotify.com/v1/audio-analysis/4jtyUzZm9WLc2AdaJ1dso7,0.707,275227,0.709,4jtyUzZm9WLc2AdaJ1dso7,0,11,0.274,-3.979,0,0.34,89.094,4,https://api.spotify.com/v1/tracks/4jtyUzZm9WLc2AdaJ1dso7,audio_features,spotify:track:4jtyUzZm9WLc2AdaJ1dso7,0.501,Zero,Chris Brown,80,99,13839361
0,0.0467,https://api.spotify.com/v1/audio-analysis/32lm3769IRfcnrQV11LO4E,0.713,243413,0.783,32lm3769IRfcnrQV11LO4E,1.93E-06,7,0.0449,-3.499,1,0.124,90.937,4,https://api.spotify.com/v1/tracks/32lm3769IRfcnrQV11LO4E,audio_features,spotify:track:32lm3769IRfcnrQV11LO4E,0.958,Bailando,Enrique Iglesias Featuring Descemer Bueno & Gente de Zona,12,85,4092305
0,0.634,https://api.spotify.com/v1/audio-analysis/0aOluBqXYd0rFSCsgDyAWX,0.566,241693,0.664,0aOluBqXYd0rFSCsgDyAWX,0,4,0.116,-5.303,0,0.0464,128.945,4,https://api.spotify.com/v1/tracks/0aOluBqXYd0rFSCsgDyAWX,audio_features,spotify:track:0aOluBqXYd0rFSCsgDyAWX,0.437,Take Me To Church,Matt McAndrew,92,81,1758984
0,0.0235,https://api.spotify.com/v1/audio-analysis/4YJmZfvlheSziXem8HBWrj,0.835,189853,0.436,4YJmZfvlheSziXem8HBWrj,0,0,0.635,-9.602,1,0.176,133.942,3,https://api.spotify.com/v1/tracks/4YJmZfvlheSziXem8HBWrj,audio_features,spotify:track:4YJmZfvlheSziXem8HBWrj,0.234,Still Here,Drake,40,99,13839361
0,0.0263,https://api.spotify.com/v1/audio-analysis/6H0AwSQ20mo62jGlPGB8S6,0.841,210200,0.516,6H0AwSQ20mo62jGlPGB8S6,0.00072,11,0.111,-7.461,0,0.118,145.995,4,https://api.spotify.com/v1/tracks/6H0AwSQ20mo62jGlPGB8S6,audio_features,spotify:track:6H0AwSQ20mo62jGlPGB8S6,0.556,Pretty Girls,Britney Spears & Iggy Azalea,43,91,1897468
0,0.0471,https://api.spotify.com/v1/audio-analysis/6hIS1u7nuJmFE12rXAPMxm,0.533,226080,0.722,6hIS1u7nuJmFE12rXAPMxm,8.99E-06,0,0.242,-6.817,1,0.0341,107.001,4,https://api.spotify.com/v1/tracks/6hIS1u7nuJmFE12rXAPMxm,audio_features,spotify:track:6hIS1u7nuJmFE12rXAPMxm,0.396,Every Storm (Runs Out Of Rain),Gary Allan,26,66,246877
0,0.0264,https://api.spotify.com/v1/audio-analysis/5JBa94s53RNVoHnjxwyrSF,0.637,161320,0.836,5JBa94s53RNVoHnjxwyrSF,0,2,0.0958,-3.941,1,0.0789,184.04,4,https://api.spotify.com/v1/tracks/5JBa94s53RNVoHnjxwyrSF,audio_features,spotify:track:5JBa94s53RNVoHnjxwyrSF,0.898,I Can't Go For That / You Make My Dreams,Glee Cast,80,81,763350
0,0.399,https://api.spotify.com/v1/audio-analysis/1Bxzw8ag71snOU9IbhXVD6,0.499,263400,0.673,1Bxzw8ag71snOU9IbhXVD6,1.21E-06,0,0.208,-4.505,1,0.0348,121.87,4,https://api.spotify.com/v1/tracks/1Bxzw8ag71snOU9IbhXVD6,audio_features,spotify:track:1Bxzw8ag71snOU9IbhXVD6,0.301,In The Night,The Weeknd,12,93,2115234
0,0.00479,https://api.spotify.com/v1/audio-analysis/4ckuS4Nj4FZ7i3Def3Br8W,0.804,251333,0.56,4ckuS4Nj4FZ7i3Def3Br8W,0,8,0.164,-6.682,1,0.185,85.023,4,https://api.spotify.com/v1/tracks/4ckuS4Nj4FZ7i3Def3Br8W,audio_features,spotify:track:4ckuS4Nj4FZ7i3Def3Br8W,0.272,Sneakin',Drake Featuring 21 Savage,28,99,13839365
0,0.0896,https://api.spotify.com/v1/audio-analysis/7y6c07pgjZvtHI9kuMVqk1,0.78,250337,0.729,7y6c07pgjZvtHI9kuMVqk1,0.422,5,0.104,-9.138,0,0.0493,123.009,4,https://api.spotify.com/v1/tracks/7y6c07pgjZvtHI9kuMVqk1,audio_features,spotify:track:7y6c07pgjZvtHI9kuMVqk1,0.844,Get It Together,Drake Featuring Jorja Smith & Black Coffee,45,99,13839365
0,0.319,https://api.spotify.com/v1/audio-analysis/7ongSdLv28Z27WeCrzZXwB,0.493,217407,0.67,7ongSdLv28Z27WeCrzZXwB,0,6,0.102,-5.131,1,0.0298,151.989,3,https://api.spotify.com/v1/tracks/7ongSdLv28Z27WeCrzZXwB,audio_features,spotify:track:7ongSdLv28Z27WeCrzZXwB,0.451,19 You + Me,Dan + Shay,42,73,286514
0,0.00176,https://api.spotify.com/v1/audio-analysis/6yOGrvkrcv5SbgzMkox2p8,0.706,264760,0.843,6yOGrvkrcv5SbgzMkox2p8,0,11,0.317,-2.436,0,0.0722,141.98,4,https://api.spotify.com/v1/tracks/6yOGrvkrcv5SbgzMkox2p8,audio_features,spotify:track:6yOGrvkrcv5SbgzMkox2p8,0.635,Take It To The Head,"DJ Khaled Featuring Chris Brown, Rick Ross, Nicki Minaj & Lil Wayne",58,88,1561506
0,0.0121,https://api.spotify.com/v1/audio-analysis/1N4jhCFeE0hrZGYfpJsSAF,0.872,200803,0.719,1N4jhCFeE0hrZGYfpJsSAF,1.01E-06,2,0.246,-8.663,1,0.235,101.967,4,https://api.spotify.com/v1/tracks/1N4jhCFeE0hrZGYfpJsSAF,audio_features,spotify:track:1N4jhCFeE0hrZGYfpJsSAF,0.32,Cat Daddy,Rej3ctz,97,44,21014
0,0.00292,https://api.spotify.com/v1/audio-analysis/0QTUoI90fBFdKkd4h8fsOu,0.561,206507,0.827,0QTUoI90fBFdKkd4h8fsOu,1.78E-06,2,0.268,-5.785,1,0.109,142.133,4,https://api.spotify.com/v1/tracks/0QTUoI90fBFdKkd4h8fsOu,audio_features,spotify:track:0QTUoI90fBFdKkd4h8fsOu,0.542,Calling All The Monsters,China Anne McClain,86,0,314180
0,0.0577,https://api.spotify.com/v1/audio-analysis/0PT7nlpo11hYYyfnBgtilT,0.779,142212,0.472,0PT7nlpo11hYYyfnBgtilT,0,11,0.114,-7.116,1,0.218,135.051,4,https://api.spotify.com/v1/tracks/0PT7nlpo11hYYyfnBgtilT,audio_features,spotify:track:0PT7nlpo11hYYyfnBgtilT,0.412,Nasty Freestyle,T-Wayne,9,59,118694
0,0.637,https://api.spotify.com/v1/audio-analysis/76N7FdzCI9OsiUnzJVLY2m,0.618,221427,0.753,76N7FdzCI9OsiUnzJVLY2m,0,7,0.0905,-5.05,0,0.0451,120.041,4,https://api.spotify.com/v1/tracks/76N7FdzCI9OsiUnzJVLY2m,audio_features,spotify:track:76N7FdzCI9OsiUnzJVLY2m,0.557,Rumour Has It,Adele,16,88,7368363
0,0.069,https://api.spotify.com/v1/audio-analysis/17X2tSzibD9n9QRjdExcWT,0.487,218200,0.736,17X2tSzibD9n9QRjdExcWT,0,7,0.114,-3.269,1,0.0326,81.587,4,https://api.spotify.com/v1/tracks/17X2tSzibD9n9QRjdExcWT,audio_features,spotify:track:17X2tSzibD9n9QRjdExcWT,0.184,Fly Over States,Jason Aldean,32,80,1688445
0,0.0541,https://api.spotify.com/v1/audio-analysis/0B8QzDH7YWih85V5SEMnyJ,0.795,198944,0.568,0B8QzDH7YWih85V5SEMnyJ,0,5,0.108,-7.817,0,0.142,136.173,4,https://api.spotify.com/v1/tracks/0B8QzDH7YWih85V5SEMnyJ,audio_features,spotify:track:0B8QzDH7YWih85V5SEMnyJ,0.478,Money Longer,Lil Uzi Vert,54,96,2333252
0,0.438,https://api.spotify.com/v1/audio-analysis/7vlPI45Zzzk0palLdKry4k,0.416,395951,0.712,7vlPI45Zzzk0palLdKry4k,0,5,0.0642,-6.671,0,0.384,78.015,4,https://api.spotify.com/v1/tracks/7vlPI45Zzzk0palLdKry4k,audio_features,spotify:track:7vlPI45Zzzk0palLdKry4k,0.581,The Matrimony,Wale Featuring Usher,70,81,1028520
0,0.0621,https://api.spotify.com/v1/audio-analysis/1MLiJQozVUdCCNudp1cDbn,0.644,221599,0.777,1MLiJQozVUdCCNudp1cDbn,1.83E-06,0,0.0792,-6.971,1,0.0997,170.021,4,https://api.spotify.com/v1/tracks/1MLiJQozVUdCCNudp1cDbn,audio_features,spotify:track:1MLiJQozVUdCCNudp1cDbn,0.599,"John Cougar, John Deere, John 3:16",Keith Urban,40,78,1450243
0,0.615,https://api.spotify.com/v1/audio-analysis/3VlbOrM6nYPprVvzBZllE5,0.661,201000,0.373,3VlbOrM6nYPprVvzBZllE5,0,5,0.177,-8.249,1,0.0505,91.5,4,https://api.spotify.com/v1/tracks/3VlbOrM6nYPprVvzBZllE5,audio_features,spotify:track:3VlbOrM6nYPprVvzBZllE5,0.523,Too Good At Goodbyes,Sam Smith,5,97,4155160
0,0.0314,https://api.spotify.com/v1/audio-analysis/5mvKuE9Lf9ARVXVXA32kK9,0.646,223053,0.843,5mvKuE9Lf9ARVXVXA32kK9,2.39E-06,5,0.247,-3.882,1,0.177,174.904,4,https://api.spotify.com/v1/tracks/5mvKuE9Lf9ARVXVXA32kK9,audio_features,spotify:track:5mvKuE9Lf9ARVXVXA32kK9,0.647,Price Tag,Xenia,99,78,2935058
0,0.909,https://api.spotify.com/v1/audio-analysis/4pc01CAhGKx15PY23uPjHp,0.468,189769,0.693,4pc01CAhGKx15PY23uPjHp,0,6,0.116,-7.059,0,0.553,84.762,4,https://api.spotify.com/v1/tracks/4pc01CAhGKx15PY23uPjHp,audio_features,spotify:track:4pc01CAhGKx15PY23uPjHp,0.308,Charged Up,Drake,78,99,13839367
0,0.0847,https://api.spotify.com/v1/audio-analysis/6gBFPUFcJLzWGx4lenP6h2,0.841,243837,0.728,6gBFPUFcJLzWGx4lenP6h2,0,7,0.149,-3.37,1,0.0484,130.049,4,https://api.spotify.com/v1/tracks/6gBFPUFcJLzWGx4lenP6h2,audio_features,spotify:track:6gBFPUFcJLzWGx4lenP6h2,0.43,Goosebumps,Travis Scott,32,95,1855118
0,0.371,https://api.spotify.com/v1/audio-analysis/7KA4W4McWYRpgf0fWsJZWB,0.558,180387,0.559,7KA4W4McWYRpgf0fWsJZWB,7.49E-06,6,0.109,-9.222,1,0.0959,78.558,4,https://api.spotify.com/v1/tracks/7KA4W4McWYRpgf0fWsJZWB,audio_features,spotify:track:7KA4W4McWYRpgf0fWsJZWB,0.62,See You Again,Carrie Underwood,34,84,1413128
0,0.21,https://api.spotify.com/v1/audio-analysis/2VjtYe7gpfUi2OkGxR2O2z,0.767,211859,0.671,2VjtYe7gpfUi2OkGxR2O2z,1.12E-05,9,0.129,-6.416,0,0.142,128.072,4,https://api.spotify.com/v1/tracks/2VjtYe7gpfUi2OkGxR2O2z,audio_features,spotify:track:2VjtYe7gpfUi2OkGxR2O2z,0.474,Look What You Made Me Do,Taylor Swift,1,96,7797772
0,0.0958,https://api.spotify.com/v1/audio-analysis/0B5OTb36fzLayn6XQHg5A1,0.557,209288,0.422,0B5OTb36fzLayn6XQHg5A1,8.41E-06,0,0.102,-9.184,0,0.355,108.937,4,https://api.spotify.com/v1/tracks/0B5OTb36fzLayn6XQHg5A1,audio_features,spotify:track:0B5OTb36fzLayn6XQHg5A1,0.285,Scholarships,Drake & Future,69,99,13839367
0,0.299,https://api.spotify.com/v1/audio-analysis/6W5RmgWh46p9RQ4LDezHKE,0.51,178320,0.602,6W5RmgWh46p9RQ4LDezHKE,0,3,0.126,-6.317,1,0.0616,148.077,4,https://api.spotify.com/v1/tracks/6W5RmgWh46p9RQ4LDezHKE,audio_features,spotify:track:6W5RmgWh46p9RQ4LDezHKE,0.308,Flashlight,Jessie J,61,0,314180
0,0.275,https://api.spotify.com/v1/audio-analysis/5S5rw0WLVCAux5B5bWCehK,0.609,209280,0.813,5S5rw0WLVCAux5B5bWCehK,0,0,0.205,-5.599,1,0.0368,89.964,4,https://api.spotify.com/v1/tracks/5S5rw0WLVCAux5B5bWCehK,audio_features,spotify:track:5S5rw0WLVCAux5B5bWCehK,0.54,I Like The Sound Of That,Rascal Flatts,52,77,970818
0,0.281,https://api.spotify.com/v1/audio-analysis/0VYhxVxH9ijmdHUKsON9Bk,0.747,191033,0.553,0VYhxVxH9ijmdHUKsON9Bk,0,1,0.117,-7.294,1,0.117,141.888,4,https://api.spotify.com/v1/tracks/0VYhxVxH9ijmdHUKsON9Bk,audio_features,spotify:track:0VYhxVxH9ijmdHUKsON9Bk,0.262,Hold Up,Beyonce,13,96,2333256
0,0.0253,https://api.spotify.com/v1/audio-analysis/0621F7y1cX0hJoQFIrrUaZ,0.66,190667,0.72,0621F7y1cX0hJoQFIrrUaZ,8.72E-06,5,0.33,-5.095,1,0.0237,101.986,4,https://api.spotify.com/v1/tracks/0621F7y1cX0hJoQFIrrUaZ,audio_features,spotify:track:0621F7y1cX0hJoQFIrrUaZ,0.68,Did It For The Girl,Greg Bates,66,40,18857
0,0.042,https://api.spotify.com/v1/audio-analysis/7AK5vh1cRnO3YxAjOjL4Yy,0.687,195418,0.625,7AK5vh1cRnO3YxAjOjL4Yy,0,1,0.151,-6.942,0,0.0284,104.027,4,https://api.spotify.com/v1/tracks/7AK5vh1cRnO3YxAjOjL4Yy,audio_features,spotify:track:7AK5vh1cRnO3YxAjOjL4Yy,0.866,Look At You,Big & Rich,73,64,9527
0,0.167,https://api.spotify.com/v1/audio-analysis/7LJOfS8evyKfP8Fl5rdZXw,0.606,253880,0.585,7LJOfS8evyKfP8Fl5rdZXw,0,0,0.0658,-6.47,1,0.0321,77.01,4,https://api.spotify.com/v1/tracks/7LJOfS8evyKfP8Fl5rdZXw,audio_features,spotify:track:7LJOfS8evyKfP8Fl5rdZXw,0.177,Cop Car,Keith Urban,41,81,848223
0,0.00263,https://api.spotify.com/v1/audio-analysis/0eRUvq2nZmHoS9c21BKXtN,0.701,209880,0.693,0eRUvq2nZmHoS9c21BKXtN,1.56E-05,4,0.185,-6.095,1,0.0249,108.026,4,https://api.spotify.com/v1/tracks/0eRUvq2nZmHoS9c21BKXtN,audio_features,spotify:track:0eRUvq2nZmHoS9c21BKXtN,0.478,Strip Me,Natasha Bedingfield,91,72,320440
0,0.658,https://api.spotify.com/v1/audio-analysis/1u6Ni98NiRqeiwe47DpMsA,0.348,200013,0.408,1u6Ni98NiRqeiwe47DpMsA,0.00241,4,0.348,-7.353,1,0.0364,143.503,4,https://api.spotify.com/v1/tracks/1u6Ni98NiRqeiwe47DpMsA,audio_features,spotify:track:1u6Ni98NiRqeiwe47DpMsA,0.408,Two Night Town,Jason Aldean,76,80,1688445
0,0.238,https://api.spotify.com/v1/audio-analysis/6uBhi9gBXWjanegOb2Phh0,0.457,210091,0.627,6uBhi9gBXWjanegOb2Phh0,0,5,0.116,-5.091,0,0.111,101.384,4,https://api.spotify.com/v1/tracks/6uBhi9gBXWjanegOb2Phh0,audio_features,spotify:track:6uBhi9gBXWjanegOb2Phh0,0.554,Stay,Florida Georgia Line,28,86,1924771
0,0.0613,https://api.spotify.com/v1/audio-analysis/77doqkS2s213W6AKgPC6Xj,0.931,202199,0.415,77doqkS2s213W6AKgPC6Xj,0,7,0.059,-8.491,1,0.293,97.995,4,https://api.spotify.com/v1/tracks/77doqkS2s213W6AKgPC6Xj,audio_features,spotify:track:77doqkS2s213W6AKgPC6Xj,0.619,Don't Drop That Thun Thun!,The FiNATTiCZ,35,44,12089
0,0.000598,https://api.spotify.com/v1/audio-analysis/5CG9Ps5ynNjpKJHmwc95pa,0.573,197120,0.635,5CG9Ps5ynNjpKJHmwc95pa,0,7,0.0845,-6.621,1,0.0275,144.031,4,https://api.spotify.com/v1/tracks/5CG9Ps5ynNjpKJHmwc95pa,audio_features,spotify:track:5CG9Ps5ynNjpKJHmwc95pa,0.447,Somewhere,Glee Cast,75,76,886039
0,0.0106,https://api.spotify.com/v1/audio-analysis/7LcfRTgAVTs5pQGEQgUEzN,0.714,201160,0.748,7LcfRTgAVTs5pQGEQgUEzN,0,11,0.325,-4.471,0,0.0546,128.03,4,https://api.spotify.com/v1/tracks/7LcfRTgAVTs5pQGEQgUEzN,audio_features,spotify:track:7LcfRTgAVTs5pQGEQgUEzN,0.586,Moves Like Jagger,Maroon 5 Featuring Christina Aguilera,1,95,8995923
0,0.547,https://api.spotify.com/v1/audio-analysis/6cNajGUxKP53LIg0LzlfQt,0.647,232907,0.478,6cNajGUxKP53LIg0LzlfQt,2.69E-05,8,0.156,-8.837,1,0.0782,135.877,4,https://api.spotify.com/v1/tracks/6cNajGUxKP53LIg0LzlfQt,audio_features,spotify:track:6cNajGUxKP53LIg0LzlfQt,0.333,Climax,Usher,17,85,4450698
0,0.00274,https://api.spotify.com/v1/audio-analysis/6tF92PMv01Ug9Dh8Rmy6nH,0.756,209333,0.682,6tF92PMv01Ug9Dh8Rmy6nH,8.85E-06,9,0.147,-6.577,0,0.0753,116.008,4,https://api.spotify.com/v1/tracks/6tF92PMv01Ug9Dh8Rmy6nH,audio_features,spotify:track:6tF92PMv01Ug9Dh8Rmy6nH,0.589,New Rules,Dua Lipa,34,93,1117746
0,0.401,https://api.spotify.com/v1/audio-analysis/7DsurbFuU3hRjsLl3q9g0h,0.684,228966,0.512,7DsurbFuU3hRjsLl3q9g0h,0,11,0.1,-7.232,0,0.0401,127.908,4,https://api.spotify.com/v1/tracks/7DsurbFuU3hRjsLl3q9g0h,audio_features,spotify:track:7DsurbFuU3hRjsLl3q9g0h,0.354,Velvet,Chris Jamison,53,75,272333
0,0.00765,https://api.spotify.com/v1/audio-analysis/4urcG6Nfubqsuqy3juMjBi,0.765,227147,0.765,4urcG6Nfubqsuqy3juMjBi,3.82E-06,1,0.0527,-2.732,0,0.0585,120.001,4,https://api.spotify.com/v1/tracks/4urcG6Nfubqsuqy3juMjBi,audio_features,spotify:track:4urcG6Nfubqsuqy3juMjBi,0.886,Brokenhearted,Karmin,16,61,396349
0,0.405,https://api.spotify.com/v1/audio-analysis/5259GVdvIOBkcqo6L2i9qw,0.691,187826,0.492,5259GVdvIOBkcqo6L2i9qw,0,4,0.0955,-10.815,0,0.196,92.019,4,https://api.spotify.com/v1/tracks/5259GVdvIOBkcqo6L2i9qw,audio_features,spotify:track:5259GVdvIOBkcqo6L2i9qw,0.54,Walk Thru,Rich Homie Quan Featuring Problem,74,78,1161643
0,0.0242,https://api.spotify.com/v1/audio-analysis/0hy1SOTEn9ifXTzOwnCwEr,0.589,223973,0.658,0hy1SOTEn9ifXTzOwnCwEr,0,11,0.118,-5.288,0,0.203,77.521,4,https://api.spotify.com/v1/tracks/0hy1SOTEn9ifXTzOwnCwEr,audio_features,spotify:track:0hy1SOTEn9ifXTzOwnCwEr,0.251,All Eyes On You,Meek Mill Featuring Chris Brown & Nicki Minaj,21,84,1348924
0,0.13,https://api.spotify.com/v1/audio-analysis/13JngJc6J0ykO7Pq0gin35,0.596,351613,0.503,13JngJc6J0ykO7Pq0gin35,0,4,0.0754,-7.606,1,0.0272,134.032,4,https://api.spotify.com/v1/tracks/13JngJc6J0ykO7Pq0gin35,audio_features,spotify:track:13JngJc6J0ykO7Pq0gin35,0.262,El Cerrito Place,Kenny Chesney,72,77,1256787
0,0.133,https://api.spotify.com/v1/audio-analysis/37jalmkAdkohJQj98FGU7r,0.402,206920,0.794,37jalmkAdkohJQj98FGU7r,0,11,0.133,-3.982,0,0.125,195.058,3,https://api.spotify.com/v1/tracks/37jalmkAdkohJQj98FGU7r,audio_features,spotify:track:37jalmkAdkohJQj98FGU7r,0.702,Powerful,Major Lazer Featuring Ellie Goulding & Tarrus Riley,83,90,2813667
0,0.0216,https://api.spotify.com/v1/audio-analysis/3qOMYMHbtqNFhfRjXUBzow,0.722,187747,0.736,3qOMYMHbtqNFhfRjXUBzow,4.98E-06,8,0.0585,-5.228,1,0.245,96.943,4,https://api.spotify.com/v1/tracks/3qOMYMHbtqNFhfRjXUBzow,audio_features,spotify:track:3qOMYMHbtqNFhfRjXUBzow,0.436,Jack Sparrow,The Lonely Island Featuring Michael Bolton,69,70,626336
0,0.0522,https://api.spotify.com/v1/audio-analysis/6nek1Nin9q48AVZcWs9e9D,0.449,278719,0.585,6nek1Nin9q48AVZcWs9e9D,8.49E-05,5,0.0833,-6.762,1,0.0268,139.627,4,https://api.spotify.com/v1/tracks/6nek1Nin9q48AVZcWs9e9D,audio_features,spotify:track:6nek1Nin9q48AVZcWs9e9D,0.203,Paradise,Coldplay,99,93,8966350
0,0.00725,https://api.spotify.com/v1/audio-analysis/7C6njUzhBb6fIpXzBYWg1n,0.3,314893,0.707,7C6njUzhBb6fIpXzBYWg1n,0.000748,2,0.285,-6.585,1,0.0507,105.916,4,https://api.spotify.com/v1/tracks/7C6njUzhBb6fIpXzBYWg1n,audio_features,spotify:track:7C6njUzhBb6fIpXzBYWg1n,0.386,Lover Of The Light,Mumford & Sons,97,82,3747430
0,0.0856,https://api.spotify.com/v1/audio-analysis/2eqDUxbd0JPEhNrJdPlHLs,0.685,235547,0.944,2eqDUxbd0JPEhNrJdPlHLs,0,5,0.0927,-2.793,1,0.145,124.987,4,https://api.spotify.com/v1/tracks/2eqDUxbd0JPEhNrJdPlHLs,audio_features,spotify:track:2eqDUxbd0JPEhNrJdPlHLs,0.757,Adrenalina,Wisin Featuring Jennifer Lopez & Ricky Martin,94,91,1265094
0,0.0664,https://api.spotify.com/v1/audio-analysis/14OxJlLdcHNpgsm4DRwDOB,0.73,209160,0.669,14OxJlLdcHNpgsm4DRwDOB,3.63E-05,5,0.0822,-3.494,1,0.0318,110.04,4,https://api.spotify.com/v1/tracks/14OxJlLdcHNpgsm4DRwDOB,audio_features,spotify:track:14OxJlLdcHNpgsm4DRwDOB,0.383,Habits (Stay High),Tove Lo,3,83,1170971
0,0.189,https://api.spotify.com/v1/audio-analysis/2Ok3BkZ7qcSfFCm67HSGCM,0.771,200387,0.46,2Ok3BkZ7qcSfFCm67HSGCM,0,4,0.0812,-9.341,1,0.123,102.961,4,https://api.spotify.com/v1/tracks/2Ok3BkZ7qcSfFCm67HSGCM,audio_features,spotify:track:2Ok3BkZ7qcSfFCm67HSGCM,0.531,Beautiful Life,Nick Fradiani,93,91,3083069
0,0.0338,https://api.spotify.com/v1/audio-analysis/4Sfa7hdVkqlM8UW5LsSY3F,0.566,264493,0.755,4Sfa7hdVkqlM8UW5LsSY3F,0,11,0.315,-5.526,1,0.0368,101.006,4,https://api.spotify.com/v1/tracks/4Sfa7hdVkqlM8UW5LsSY3F,audio_features,spotify:track:4Sfa7hdVkqlM8UW5LsSY3F,0.445,Take A Walk,Passion Pit,84,70,795732
0,0.0446,https://api.spotify.com/v1/audio-analysis/52ioLaTnO2J7BWY8UN2n9D,0.639,214627,0.427,52ioLaTnO2J7BWY8UN2n9D,2.32E-05,2,0.107,-9.013,1,0.0336,76.08,4,https://api.spotify.com/v1/tracks/52ioLaTnO2J7BWY8UN2n9D,audio_features,spotify:track:52ioLaTnO2J7BWY8UN2n9D,0.457,Round Here,Florida Georgia Line,28,78,1087154
0,0.349,https://api.spotify.com/v1/audio-analysis/27mF2eUbhExYWiOT0y9cuc,0.628,276160,0.725,27mF2eUbhExYWiOT0y9cuc,0,6,0.198,-5.922,0,0.205,113.392,5,https://api.spotify.com/v1/tracks/27mF2eUbhExYWiOT0y9cuc,audio_features,spotify:track:27mF2eUbhExYWiOT0y9cuc,0.375,Diced Pineapples,Rick Ross Featuring Wale & Drake,71,84,1520230
0,0.41,https://api.spotify.com/v1/audio-analysis/05SBRd4fXgn8FX7bf8BCAE,0.695,234507,0.869,05SBRd4fXgn8FX7bf8BCAE,0,8,0.237,-5.066,1,0.0483,124.989,4,https://api.spotify.com/v1/tracks/05SBRd4fXgn8FX7bf8BCAE,audio_features,spotify:track:05SBRd4fXgn8FX7bf8BCAE,0.58,I Need Your Love,"Shaggy Featuring Mohombi, Faydee, Costi",66,91,8374617
0,0.00133,https://api.spotify.com/v1/audio-analysis/6vrUTGn5p8IrfTZ0J6sIVM,0.291,289907,0.79,6vrUTGn5p8IrfTZ0J6sIVM,5.61E-06,11,0.0811,-5.683,0,0.0363,155.667,3,https://api.spotify.com/v1/tracks/6vrUTGn5p8IrfTZ0J6sIVM,audio_features,spotify:track:6vrUTGn5p8IrfTZ0J6sIVM,0.513,Iris,Sawyer Fredericks,100,75,568316
0,0.618,https://api.spotify.com/v1/audio-analysis/4cRBqWBjuccCowYVHFlXK6,0.635,333947,0.319,4cRBqWBjuccCowYVHFlXK6,1.69E-06,0,0.117,-8.727,1,0.118,118.844,4,https://api.spotify.com/v1/tracks/4cRBqWBjuccCowYVHFlXK6,audio_features,spotify:track:4cRBqWBjuccCowYVHFlXK6,0.327,Redemption,Drake,61,99,13839384
0,0.00282,https://api.spotify.com/v1/audio-analysis/1gpSrGUfU3F9TOzPlEyLxH,0.681,214720,0.608,1gpSrGUfU3F9TOzPlEyLxH,0,7,0.0869,-7.344,0,0.0504,81.969,4,https://api.spotify.com/v1/tracks/1gpSrGUfU3F9TOzPlEyLxH,audio_features,spotify:track:1gpSrGUfU3F9TOzPlEyLxH,0.177,Gotta Lotta,2 Chainz Featuring Lil Wayne,100,91,1897471
0,0.00136,https://api.spotify.com/v1/audio-analysis/4IuKm1ySdaB7XJRXJIfAvY,0.492,253933,0.646,4IuKm1ySdaB7XJRXJIfAvY,2.21E-05,10,0.121,-5.334,0,0.0303,112.228,4,https://api.spotify.com/v1/tracks/4IuKm1ySdaB7XJRXJIfAvY,audio_features,spotify:track:4IuKm1ySdaB7XJRXJIfAvY,0.214,Right Here,Justin Bieber Featuring Drake,95,71,666398
0,0.429,https://api.spotify.com/v1/audio-analysis/7hMqIrwysNlIXRmFCIn5j3,0.514,286082,0.79,7hMqIrwysNlIXRmFCIn5j3,0,0,0.123,-3.895,1,0.0599,206.033,4,https://api.spotify.com/v1/tracks/7hMqIrwysNlIXRmFCIn5j3,audio_features,spotify:track:7hMqIrwysNlIXRmFCIn5j3,0.417,Anything Could Happen,Ellie Goulding,47,84,4019796
0,0.311,https://api.spotify.com/v1/audio-analysis/0QOSqWbludidwxUiGMLv49,0.61,207065,0.83,0QOSqWbludidwxUiGMLv49,0,7,0.101,-4.484,0,0.233,184.066,4,https://api.spotify.com/v1/tracks/0QOSqWbludidwxUiGMLv49,audio_features,spotify:track:0QOSqWbludidwxUiGMLv49,0.602,F**k You! (Forget You),Cee Lo Green,2,29,551
0,0.593,https://api.spotify.com/v1/audio-analysis/2A69wys3S9uiPSmn6UZWJn,0.725,184080,0.437,2A69wys3S9uiPSmn6UZWJn,0,6,0.0842,-9.602,1,0.0575,83.985,4,https://api.spotify.com/v1/tracks/2A69wys3S9uiPSmn6UZWJn,audio_features,spotify:track:2A69wys3S9uiPSmn6UZWJn,0.759,Happy,Pharrell Williams,1,78,208722
0,0.176,https://api.spotify.com/v1/audio-analysis/4Cv5dkUBqepa0siwGREihD,0.721,231173,0.668,4Cv5dkUBqepa0siwGREihD,0.000104,9,0.0732,-5.561,0,0.0505,140.919,4,https://api.spotify.com/v1/tracks/4Cv5dkUBqepa0siwGREihD,audio_features,spotify:track:4Cv5dkUBqepa0siwGREihD,0.271,Motivation,Kelly Rowland Featuring Lil Wayne,17,74,907351
0,0.207,https://api.spotify.com/v1/audio-analysis/7F9vK8hNFMml4GtHsaXui6,0.683,190428,0.53,7F9vK8hNFMml4GtHsaXui6,0,5,0.394,-4.918,0,0.142,75.016,4,https://api.spotify.com/v1/tracks/7F9vK8hNFMml4GtHsaXui6,audio_features,spotify:track:7F9vK8hNFMml4GtHsaXui6,0.645,Back To Back,Drake,21,84,553191
0,0.0306,https://api.spotify.com/v1/audio-analysis/6A2hvKTF2FShj0Yma7CP8N,0.625,215387,0.853,6A2hvKTF2FShj0Yma7CP8N,0,11,0.284,-3.662,1,0.0407,123.11,4,https://api.spotify.com/v1/tracks/6A2hvKTF2FShj0Yma7CP8N,audio_features,spotify:track:6A2hvKTF2FShj0Yma7CP8N,0.78,Turn On The Radio,Reba,53,65,380931
0,0.0617,https://api.spotify.com/v1/audio-analysis/0w3Q14i073jLoew1hgJkwD,0.594,205200,0.824,0w3Q14i073jLoew1hgJkwD,0,9,0.0861,-4.252,1,0.0458,116.005,4,https://api.spotify.com/v1/tracks/0w3Q14i073jLoew1hgJkwD,audio_features,spotify:track:0w3Q14i073jLoew1hgJkwD,0.671,The Dance,Lauren Duski,92,77,229951
0,0.0372,https://api.spotify.com/v1/audio-analysis/13P5rwmk2EsoFRIz9UCeh9,0.719,237627,0.671,13P5rwmk2EsoFRIz9UCeh9,8.21E-06,8,0.12,-6.279,1,0.0336,130.027,4,https://api.spotify.com/v1/tracks/13P5rwmk2EsoFRIz9UCeh9,audio_features,spotify:track:13P5rwmk2EsoFRIz9UCeh9,0.786,Cool Kids,Echosmith,13,70,446577
0,0.0754,https://api.spotify.com/v1/audio-analysis/7bJ4mu7MHa3rHiNyKjOoSl,0.813,250770,0.558,7bJ4mu7MHa3rHiNyKjOoSl,0,9,0.385,-7.559,1,0.337,124.949,4,https://api.spotify.com/v1/tracks/7bJ4mu7MHa3rHiNyKjOoSl,audio_features,spotify:track:7bJ4mu7MHa3rHiNyKjOoSl,0.631,Ice Melts,Drake Featuring Young Thug,62,99,13839393
0,0.543,https://api.spotify.com/v1/audio-analysis/2uhaDVmfG7pT94VO5jl2r4,0.727,216613,0.812,2uhaDVmfG7pT94VO5jl2r4,0,3,0.0796,-4.148,1,0.0405,128.811,4,https://api.spotify.com/v1/tracks/2uhaDVmfG7pT94VO5jl2r4,audio_features,spotify:track:2uhaDVmfG7pT94VO5jl2r4,0.812,Lo Mejor De Mi Vida Eres Tu,Ricky Martin Featuring Natalia Jimenez,74,79,1811954
0,0.344,https://api.spotify.com/v1/audio-analysis/3QHMxEOAGD51PDlbFPHLyJ,0.655,252347,0.877,3QHMxEOAGD51PDlbFPHLyJ,0,0,0.349,-3.23,0,0.0344,105.017,4,https://api.spotify.com/v1/tracks/3QHMxEOAGD51PDlbFPHLyJ,audio_features,spotify:track:3QHMxEOAGD51PDlbFPHLyJ,0.893,Vivir Mi Vida,Marc Anthony,92,82,1633517
0,0.0809,https://api.spotify.com/v1/audio-analysis/3wtKovRRtvu6wbTjeKA26Q,0.527,246120,0.683,3wtKovRRtvu6wbTjeKA26Q,0.00019,9,0.113,-6.175,1,0.0305,83.985,4,https://api.spotify.com/v1/tracks/3wtKovRRtvu6wbTjeKA26Q,audio_features,spotify:track:3wtKovRRtvu6wbTjeKA26Q,0.369,I Love You This Big,Scotty McCreery,11,66,226940
0,0.0465,https://api.spotify.com/v1/audio-analysis/4cyYC67XY3weSVmSLdKLP8,0.693,292160,0.881,4cyYC67XY3weSVmSLdKLP8,0,5,0.0817,-5.813,1,0.0461,125.027,4,https://api.spotify.com/v1/tracks/4cyYC67XY3weSVmSLdKLP8,audio_features,spotify:track:4cyYC67XY3weSVmSLdKLP8,0.852,Taboo,Don Omar,97,83,1664181
0,0.492,https://api.spotify.com/v1/audio-analysis/6br4Pc0BzU6dTD5fEmks2i,0.897,255253,0.598,6br4Pc0BzU6dTD5fEmks2i,0.0014,2,0.0646,-7.164,1,0.0466,119.966,4,https://api.spotify.com/v1/tracks/6br4Pc0BzU6dTD5fEmks2i,audio_features,spotify:track:6br4Pc0BzU6dTD5fEmks2i,0.528,Electric Body,A$AP Rocky Featuring ScHoolboy Q,80,92,2583177
0,0.689,https://api.spotify.com/v1/audio-analysis/0NeJjNlprGfZpeX2LQuN6c,0.658,238560,0.179,0NeJjNlprGfZpeX2LQuN6c,0,8,0.17,-10.866,1,0.0448,128.128,4,https://api.spotify.com/v1/tracks/0NeJjNlprGfZpeX2LQuN6c,audio_features,spotify:track:0NeJjNlprGfZpeX2LQuN6c,0.191,Coming Home,Diddy - Dirty Money Featuring Skylar Grey,11,73,388900
0,0.313,https://api.spotify.com/v1/audio-analysis/2EUHzmBZux7SSra71cGkIB,0.563,281453,0.722,2EUHzmBZux7SSra71cGkIB,0,6,0.393,-5.252,1,0.0407,150.039,4,https://api.spotify.com/v1/tracks/2EUHzmBZux7SSra71cGkIB,audio_features,spotify:track:2EUHzmBZux7SSra71cGkIB,0.801,Beat This Summer,Brad Paisley,46,74,933876
0,0.143,https://api.spotify.com/v1/audio-analysis/1mJMD1VIQ7jWTP9DK2zmY0,0.492,212445,0.681,1mJMD1VIQ7jWTP9DK2zmY0,0,6,0.199,-7.038,1,0.075,178.01,4,https://api.spotify.com/v1/tracks/1mJMD1VIQ7jWTP9DK2zmY0,audio_features,spotify:track:1mJMD1VIQ7jWTP9DK2zmY0,0.511,Kiss,Prince And The Revolution,83,62,3776
0,0.5,https://api.spotify.com/v1/audio-analysis/7vs4RrAcoc1VzY0dKUsKF0,0.61,190398,0.788,7vs4RrAcoc1VzY0dKUsKF0,0,7,0.238,-3.857,0,0.0625,142.75,4,https://api.spotify.com/v1/tracks/7vs4RrAcoc1VzY0dKUsKF0,audio_features,spotify:track:7vs4RrAcoc1VzY0dKUsKF0,0.51,Where You At,Jennifer Hudson,64,55,14054
0,0.822,https://api.spotify.com/v1/audio-analysis/6l8EbYRtQMgKOyc1gcDHF9,0.149,293120,0.206,6l8EbYRtQMgKOyc1gcDHF9,0.000649,3,0.115,-13.888,1,0.0323,79.764,4,https://api.spotify.com/v1/tracks/6l8EbYRtQMgKOyc1gcDHF9,audio_features,spotify:track:6l8EbYRtQMgKOyc1gcDHF9,0.264,Bridge Over Troubled Water,Tessanne Chin,64,77,939439
0,0.116,https://api.spotify.com/v1/audio-analysis/7f08qp3HROTkfrtNpiYGGo,0.685,201893,0.783,7f08qp3HROTkfrtNpiYGGo,0,11,0.194,-4.152,1,0.0276,90.008,4,https://api.spotify.com/v1/tracks/7f08qp3HROTkfrtNpiYGGo,audio_features,spotify:track:7f08qp3HROTkfrtNpiYGGo,0.525,Dirt On My Boots,Jon Pardi,37,77,229951
0,0.0178,https://api.spotify.com/v1/audio-analysis/2gZUPNdnz5Y45eiGxpHGSc,0.538,292093,0.912,2gZUPNdnz5Y45eiGxpHGSc,0,0,0.689,-4.684,0,0.129,154.042,4,https://api.spotify.com/v1/tracks/2gZUPNdnz5Y45eiGxpHGSc,audio_features,spotify:track:2gZUPNdnz5Y45eiGxpHGSc,0.588,Dark Fantasy,"Kanye West Featuring Teyana Taylor, Nicki Minaj & Bon Iver",60,93,5769126
0,0.183,https://api.spotify.com/v1/audio-analysis/6ORqU0bHbVCRjXm9AjyHyZ,0.475,153467,0.432,6ORqU0bHbVCRjXm9AjyHyZ,0,7,0.161,-7.844,1,0.0302,94.605,4,https://api.spotify.com/v1/tracks/6ORqU0bHbVCRjXm9AjyHyZ,audio_features,spotify:track:6ORqU0bHbVCRjXm9AjyHyZ,0.648,Good Time,Owl City & Carly Rae Jepsen,8,85,4527589
0,0.11,https://api.spotify.com/v1/audio-analysis/6n3HGiq4v35D6eFOSwqYuo,0.768,219692,0.282,6n3HGiq4v35D6eFOSwqYuo,0.0208,8,0.113,-10.348,0,0.0863,97.043,4,https://api.spotify.com/v1/tracks/6n3HGiq4v35D6eFOSwqYuo,audio_features,spotify:track:6n3HGiq4v35D6eFOSwqYuo,0.175,Teenage Fever,Drake,35,99,13839396
0,0.0935,https://api.spotify.com/v1/audio-analysis/33z5crv3IO5U2BOi8xod92,0.814,200774,0.635,33z5crv3IO5U2BOi8xod92,0,7,0.0892,-6.609,0,0.0809,87.581,4,https://api.spotify.com/v1/tracks/33z5crv3IO5U2BOi8xod92,audio_features,spotify:track:33z5crv3IO5U2BOi8xod92,0.784,Something New,Wiz Khalifa Featuring Ty Dolla $ign,93,91,5850508
0,0.157,https://api.spotify.com/v1/audio-analysis/5AsmAjBSSQjRPWgAYIp8tm,0.62,285560,0.521,5AsmAjBSSQjRPWgAYIp8tm,3.90E-06,7,0.0997,-7.217,1,0.0315,125.941,4,https://api.spotify.com/v1/tracks/5AsmAjBSSQjRPWgAYIp8tm,audio_features,spotify:track:5AsmAjBSSQjRPWgAYIp8tm,0.281,The Moment I Knew,Taylor Swift,64,96,7797795
0,0.125,https://api.spotify.com/v1/audio-analysis/6jmTHeoWvBaSrwWttr8Xvu,0.712,236480,0.562,6jmTHeoWvBaSrwWttr8Xvu,0,10,0.136,-6.008,1,0.129,140,4,https://api.spotify.com/v1/tracks/6jmTHeoWvBaSrwWttr8Xvu,audio_features,spotify:track:6jmTHeoWvBaSrwWttr8Xvu,0.142,I Mean It,G-Eazy Featuring Remo,98,90,2540297
0,0.227,https://api.spotify.com/v1/audio-analysis/2Y48Q7HryWdPJZypJotjlJ,0.503,391853,0.648,2Y48Q7HryWdPJZypJotjlJ,0.00124,7,0.378,-6.243,1,0.027,147.942,4,https://api.spotify.com/v1/tracks/2Y48Q7HryWdPJZypJotjlJ,audio_features,spotify:track:2Y48Q7HryWdPJZypJotjlJ,0.39,The Boys of Fall,Kenny Chesney,18,77,1256789
0,0.00651,https://api.spotify.com/v1/audio-analysis/6C7hfhOhcHA74amtH9Rv1X,0.646,240373,0.582,6C7hfhOhcHA74amtH9Rv1X,0,0,0.0526,-12.565,1,0.029,115.399,4,https://api.spotify.com/v1/tracks/6C7hfhOhcHA74amtH9Rv1X,audio_features,spotify:track:6C7hfhOhcHA74amtH9Rv1X,0.336,Do They Know It's Christmas? (2014),Band Aid 30,63,0,314180
0,0.0816,https://api.spotify.com/v1/audio-analysis/7azo4rpSUh8nXgtonC6Pkq,0.764,358053,0.887,7azo4rpSUh8nXgtonC6Pkq,0.000108,11,0.847,-3.725,1,0.0738,118.421,4,https://api.spotify.com/v1/tracks/7azo4rpSUh8nXgtonC6Pkq,audio_features,spotify:track:7azo4rpSUh8nXgtonC6Pkq,0.721,Thriller,Michael Jackson,4,87,4082821
0,0.254,https://api.spotify.com/v1/audio-analysis/2eQQ7YHhROyqSPiMrTOuum,0.511,262133,0.687,2eQQ7YHhROyqSPiMrTOuum,2.49E-06,1,0.108,-4.328,1,0.0326,139.995,4,https://api.spotify.com/v1/tracks/2eQQ7YHhROyqSPiMrTOuum,audio_features,spotify:track:2eQQ7YHhROyqSPiMrTOuum,0.172,Like A Cowboy,Randy Houser,62,69,251273
0,0.378,https://api.spotify.com/v1/audio-analysis/2EEeOnHehOozLq4aS0n6SL,0.746,253107,0.653,2EEeOnHehOozLq4aS0n6SL,0,7,0.229,-6.745,1,0.289,75.016,4,https://api.spotify.com/v1/tracks/2EEeOnHehOozLq4aS0n6SL,audio_features,spotify:track:2EEeOnHehOozLq4aS0n6SL,0.672,iSpy,KYLE Featuring Lil Yachty,4,80,377997
0,0.0217,https://api.spotify.com/v1/audio-analysis/0kuv7BqWNDprDao3Tb5flN,0.263,258874,0.315,0kuv7BqWNDprDao3Tb5flN,0.163,8,0.109,-10.797,1,0.03,142.657,4,https://api.spotify.com/v1/tracks/0kuv7BqWNDprDao3Tb5flN,audio_features,spotify:track:0kuv7BqWNDprDao3Tb5flN,0.196,Moving To Mars,Coldplay,90,93,8966360
0,0.0643,https://api.spotify.com/v1/audio-analysis/0LkelFnnzJPC8dtZSZ9Og8,0.329,204600,0.666,0LkelFnnzJPC8dtZSZ9Og8,0,2,0.212,-5.853,0,0.118,82.36,4,https://api.spotify.com/v1/tracks/0LkelFnnzJPC8dtZSZ9Og8,audio_features,spotify:track:0LkelFnnzJPC8dtZSZ9Og8,0.513,Dark Side,Kelly Clarkson,42,73,94662
0,0.00272,https://api.spotify.com/v1/audio-analysis/6SpLc7EXZIPpy0sVko0aoU,0.517,211520,0.906,6SpLc7EXZIPpy0sVko0aoU,9.26E-06,1,0.113,-3.677,1,0.0735,172.977,4,https://api.spotify.com/v1/tracks/6SpLc7EXZIPpy0sVko0aoU,audio_features,spotify:track:6SpLc7EXZIPpy0sVko0aoU,0.731,Misery,Maroon 5,52,83,2387539
0,0.978,https://api.spotify.com/v1/audio-analysis/1CYtN9f8AgIbQpCbzCnMRq,0.167,197838,0.183,1CYtN9f8AgIbQpCbzCnMRq,0.838,10,0.11,-20.844,0,0.0472,57.257,4,https://api.spotify.com/v1/tracks/1CYtN9f8AgIbQpCbzCnMRq,audio_features,spotify:track:1CYtN9f8AgIbQpCbzCnMRq,0.0328,Enchanted,Taylor Swift,75,60,323
0,0.273,https://api.spotify.com/v1/audio-analysis/1GRiBe0kNCNYpjwCHIyynI,0.587,217839,0.912,1GRiBe0kNCNYpjwCHIyynI,0,8,0.36,-3.735,1,0.0826,160.035,4,https://api.spotify.com/v1/tracks/1GRiBe0kNCNYpjwCHIyynI,audio_features,spotify:track:1GRiBe0kNCNYpjwCHIyynI,0.874,Girl In A Country Song,Maddie & Tae,54,58,191432
0,0.57,https://api.spotify.com/v1/audio-analysis/3j0oJtPonSYt9f5jHVLb91,0.653,175615,0.525,3j0oJtPonSYt9f5jHVLb91,0,4,0.141,-7.446,1,0.0414,156.996,4,https://api.spotify.com/v1/tracks/3j0oJtPonSYt9f5jHVLb91,audio_features,spotify:track:3j0oJtPonSYt9f5jHVLb91,0.633,Boom Clap,Charli XCX,8,62,84503
0,0.013,https://api.spotify.com/v1/audio-analysis/7u0hfStBmf1j0yiD3Em39J,0.573,225867,0.438,7u0hfStBmf1j0yiD3Em39J,0.0867,8,0.117,-9.306,1,0.0449,165.997,4,https://api.spotify.com/v1/tracks/7u0hfStBmf1j0yiD3Em39J,audio_features,spotify:track:7u0hfStBmf1j0yiD3Em39J,0.133,V. 3005,Childish Gambino,64,85,2373137
0,0.407,https://api.spotify.com/v1/audio-analysis/2vwlzO0Qp8kfEtzTsCXfyE,0.53,221360,0.422,2vwlzO0Qp8kfEtzTsCXfyE,0,5,0.107,-6.262,1,0.0342,119.964,4,https://api.spotify.com/v1/tracks/2vwlzO0Qp8kfEtzTsCXfyE,audio_features,spotify:track:2vwlzO0Qp8kfEtzTsCXfyE,0.349,Ball,T.I. Featuring Lil Wayne,50,87,4095834
0,0.059,https://api.spotify.com/v1/audio-analysis/1YLJVmuzeM2YSUkCCaTNUB,0.504,251840,0.812,1YLJVmuzeM2YSUkCCaTNUB,0.000526,7,0.119,-5.316,1,0.0911,150.11,4,https://api.spotify.com/v1/tracks/1YLJVmuzeM2YSUkCCaTNUB,audio_features,spotify:track:1YLJVmuzeM2YSUkCCaTNUB,0.319,Dog Days Are Over,Florence + The Machine,68,80,3242590
0,0.0428,https://api.spotify.com/v1/audio-analysis/454h9zAIuTe1eJyw9iTnj4,0.477,266987,0.905,454h9zAIuTe1eJyw9iTnj4,0,0,0.0513,-3.924,0,0.208,155.856,4,https://api.spotify.com/v1/tracks/454h9zAIuTe1eJyw9iTnj4,audio_features,spotify:track:454h9zAIuTe1eJyw9iTnj4,0.559,Man Down,Rihanna,59,95,15053003
0,0.613,https://api.spotify.com/v1/audio-analysis/76AbJUvQCeWa0zSo7PjsTb,0.438,120000,0.376,76AbJUvQCeWa0zSo7PjsTb,0,4,0.201,-12.378,1,0.166,85.205,4,https://api.spotify.com/v1/tracks/76AbJUvQCeWa0zSo7PjsTb,audio_features,spotify:track:76AbJUvQCeWa0zSo7PjsTb,0.431,Pause,Pitbull,73,60,23110
0,0.0529,https://api.spotify.com/v1/audio-analysis/29gsi1zZrZxdStACmTQB0Z,0.644,278067,0.581,29gsi1zZrZxdStACmTQB0Z,0,8,0.0611,-7.688,0,0.0505,133.965,3,https://api.spotify.com/v1/tracks/29gsi1zZrZxdStACmTQB0Z,audio_features,spotify:track:29gsi1zZrZxdStACmTQB0Z,0.586,Studio,ScHoolboy Q Featuring BJ The Chicago Kid,38,83,1378050
0,0.0343,https://api.spotify.com/v1/audio-analysis/1UqhkbzB1kuFwt2iy4h29Q,0.534,249520,0.721,1UqhkbzB1kuFwt2iy4h29Q,6.24E-06,11,0.115,-7.307,0,0.0417,128.978,3,https://api.spotify.com/v1/tracks/1UqhkbzB1kuFwt2iy4h29Q,audio_features,spotify:track:1UqhkbzB1kuFwt2iy4h29Q,0.225,Cough Syrup,Young The Giant,95,73,715589
0,0.0218,https://api.spotify.com/v1/audio-analysis/0XGLsSU6wtfnKXiMNvQr61,0.845,246047,0.705,0XGLsSU6wtfnKXiMNvQr61,0,6,0.339,-4.271,0,0.243,132.05,4,https://api.spotify.com/v1/tracks/0XGLsSU6wtfnKXiMNvQr61,audio_features,spotify:track:0XGLsSU6wtfnKXiMNvQr61,0.334,Versace,Migos,99,94,2556854
0,0.36,https://api.spotify.com/v1/audio-analysis/7Ks4VCY1wFebnOdJrM13t6,0.55,287360,0.797,7Ks4VCY1wFebnOdJrM13t6,3.50E-05,7,0.224,-6.762,1,0.278,114.048,4,https://api.spotify.com/v1/tracks/7Ks4VCY1wFebnOdJrM13t6,audio_features,spotify:track:7Ks4VCY1wFebnOdJrM13t6,0.551,Wesley's Theory,Kendrick Lamar Featuring George Clinton & Thundercat,91,96,6301810
0,0.00801,https://api.spotify.com/v1/audio-analysis/32OlwWuMpZ6b0aN2RZOeMS,0.856,269667,0.609,32OlwWuMpZ6b0aN2RZOeMS,8.15E-05,0,0.0344,-7.223,1,0.0824,114.988,4,https://api.spotify.com/v1/tracks/32OlwWuMpZ6b0aN2RZOeMS,audio_features,spotify:track:32OlwWuMpZ6b0aN2RZOeMS,0.928,Uptown Funk!,Mark Ronson Featuring Bruno Mars,1,77,379414
0,0.23,https://api.spotify.com/v1/audio-analysis/762UXiwEHYY97VL45sAUPR,0.542,194907,0.654,762UXiwEHYY97VL45sAUPR,0,8,0.241,-5.862,0,0.0537,144.971,4,https://api.spotify.com/v1/tracks/762UXiwEHYY97VL45sAUPR,audio_features,spotify:track:762UXiwEHYY97VL45sAUPR,0.563,2U,David Guetta Featuring Justin Bieber,16,90,10527047
0,0.235,https://api.spotify.com/v1/audio-analysis/3ibKnFDaa3GhpPGlOUj7ff,0.656,256733,0.578,3ibKnFDaa3GhpPGlOUj7ff,0,7,0.118,-8.97,0,0.0922,94.514,4,https://api.spotify.com/v1/tracks/3ibKnFDaa3GhpPGlOUj7ff,audio_features,spotify:track:3ibKnFDaa3GhpPGlOUj7ff,0.556,Let Me Love You,DJ Snake Featuring Justin Bieber,99,73,599300
0,0.334,https://api.spotify.com/v1/audio-analysis/1SJtlNRJDeYHioymcvsqev,0.334,216391,0.617,1SJtlNRJDeYHioymcvsqev,0,6,0.163,-5.834,0,0.383,85.227,4,https://api.spotify.com/v1/tracks/1SJtlNRJDeYHioymcvsqev,audio_features,spotify:track:1SJtlNRJDeYHioymcvsqev,0.603,Crying In The Club,Camila Cabello,47,94,1145712
0,0.0417,https://api.spotify.com/v1/audio-analysis/6QgjcU0zLnzq5OrUoSZ3OK,0.801,163253,0.795,6QgjcU0zLnzq5OrUoSZ3OK,0.000113,1,0.0717,-5.115,0,0.0504,79.028,4,https://api.spotify.com/v1/tracks/6QgjcU0zLnzq5OrUoSZ3OK,audio_features,spotify:track:6QgjcU0zLnzq5OrUoSZ3OK,0.754,Feel.,Kendrick Lamar,35,86,504409
0,0.0579,https://api.spotify.com/v1/audio-analysis/2qER726DoZ3bTBPnWX4WEm,0.917,122996,0.624,2qER726DoZ3bTBPnWX4WEm,0,4,0.0714,-6.728,1,0.147,124.984,4,https://api.spotify.com/v1/tracks/2qER726DoZ3bTBPnWX4WEm,audio_features,spotify:track:2qER726DoZ3bTBPnWX4WEm,0.343,Molly,"Tyga Featuring Cedric Gervais, Wiz Khalifa & Mally Mall",66,91,1099636
0,0.45,https://api.spotify.com/v1/audio-analysis/3FDrI0FLKzrYQiWxPhqV2W,0.754,272667,0.762,3FDrI0FLKzrYQiWxPhqV2W,6.67E-05,6,0.224,-4.486,0,0.0849,92.002,4,https://api.spotify.com/v1/tracks/3FDrI0FLKzrYQiWxPhqV2W,audio_features,spotify:track:3FDrI0FLKzrYQiWxPhqV2W,0.673,Rollin,Calvin Harris Featuring Future & Khalid,62,91,8374650
0,0.734,https://api.spotify.com/v1/audio-analysis/2aTUOXJgXvlQzK2KCcgYQt,0.607,241829,0.4,2aTUOXJgXvlQzK2KCcgYQt,0,7,0.114,-8.472,1,0.0302,114.132,4,https://api.spotify.com/v1/tracks/2aTUOXJgXvlQzK2KCcgYQt,audio_features,spotify:track:2aTUOXJgXvlQzK2KCcgYQt,0.551,Rewind,Rascal Flatts,38,85,668847
0,0.565,https://api.spotify.com/v1/audio-analysis/4wCmqSrbyCgxEXROQE6vtV,0.857,244973,0.517,4wCmqSrbyCgxEXROQE6vtV,0.000195,0,0.102,-6.972,1,0.0384,129.063,4,https://api.spotify.com/v1/tracks/4wCmqSrbyCgxEXROQE6vtV,audio_features,spotify:track:4wCmqSrbyCgxEXROQE6vtV,0.754,Somebody That I Used To Know,Christina Grimmie & Adam Levine,66,69,1969243
0,0.0909,https://api.spotify.com/v1/audio-analysis/0vFMQi8ZnOM2y8cuReZTZ2,0.531,240133,0.843,0vFMQi8ZnOM2y8cuReZTZ2,0,9,0.0283,-2.569,0,0.0429,136.991,4,https://api.spotify.com/v1/tracks/0vFMQi8ZnOM2y8cuReZTZ2,audio_features,spotify:track:0vFMQi8ZnOM2y8cuReZTZ2,0.392,Blown Away,Carrie Underwood,20,76,1630884
0,0.061,https://api.spotify.com/v1/audio-analysis/5dNfHmqgr128gMY2tc5CeJ,0.795,186067,0.523,5dNfHmqgr128gMY2tc5CeJ,0,1,0.0914,-7.165,1,0.0423,133.024,4,https://api.spotify.com/v1/tracks/5dNfHmqgr128gMY2tc5CeJ,audio_features,spotify:track:5dNfHmqgr128gMY2tc5CeJ,0.855,Chocolate,The 1975,80,81,1210584
0,0.0415,https://api.spotify.com/v1/audio-analysis/01pOtDU5YHWbxuNBzlRUem,0.487,231680,0.961,01pOtDU5YHWbxuNBzlRUem,1.15E-06,4,0.553,-4.139,1,0.132,170.005,4,https://api.spotify.com/v1/tracks/01pOtDU5YHWbxuNBzlRUem,audio_features,spotify:track:01pOtDU5YHWbxuNBzlRUem,0.323,Waiting For The End,Linkin Park,42,92,6053839
0,0.819,https://api.spotify.com/v1/audio-analysis/6OzujJBXwYPxJ7KeqflLtr,0.64,227222,0.196,6OzujJBXwYPxJ7KeqflLtr,3.63E-05,4,0.0978,-11.478,1,0.0267,143.919,4,https://api.spotify.com/v1/tracks/6OzujJBXwYPxJ7KeqflLtr,audio_features,spotify:track:6OzujJBXwYPxJ7KeqflLtr,0.301,My Old Man,Zac Brown Band,68,78,863486
0,0.0154,https://api.spotify.com/v1/audio-analysis/2oNYsdCasRRlz1shXFAz7D,0.546,205120,0.98,2oNYsdCasRRlz1shXFAz7D,0,9,0.31,-3.02,0,0.0619,120.037,4,https://api.spotify.com/v1/tracks/2oNYsdCasRRlz1shXFAz7D,audio_features,spotify:track:2oNYsdCasRRlz1shXFAz7D,0.478,Lost In The Echo,Linkin Park,95,92,6053839
0,0.387,https://api.spotify.com/v1/audio-analysis/2H881m3JRA8lpuuwaQL6zy,0.614,169853,0.682,2H881m3JRA8lpuuwaQL6zy,0,11,0.134,-4.117,0,0.102,100.202,4,https://api.spotify.com/v1/tracks/2H881m3JRA8lpuuwaQL6zy,audio_features,spotify:track:2H881m3JRA8lpuuwaQL6zy,0.566,Fear.,Kendrick Lamar,50,75,641666
0,0.146,https://api.spotify.com/v1/audio-analysis/2XPc8gL9PwxGURQFcFaDJR,0.777,181827,0.663,2XPc8gL9PwxGURQFcFaDJR,1.52E-05,4,0.174,-6.117,1,0.0305,118.016,4,https://api.spotify.com/v1/tracks/2XPc8gL9PwxGURQFcFaDJR,audio_features,spotify:track:2XPc8gL9PwxGURQFcFaDJR,0.614,Cheerleader,OMI,1,71,347433
0,0.396,https://api.spotify.com/v1/audio-analysis/1WtdhlaiUoDTrVNSwaya0L,0.507,195480,0.805,1WtdhlaiUoDTrVNSwaya0L,1.16E-06,9,0.106,-4.611,0,0.0867,167.983,4,https://api.spotify.com/v1/tracks/1WtdhlaiUoDTrVNSwaya0L,audio_features,spotify:track:1WtdhlaiUoDTrVNSwaya0L,0.513,Just Gettin' Started,Jason Aldean,54,80,1688450
0,0.0544,https://api.spotify.com/v1/audio-analysis/7lG4154Md1Kw7BMg56Pt4s,0.411,217160,0.903,7lG4154Md1Kw7BMg56Pt4s,0,2,0.104,-2.948,1,0.144,180.078,4,https://api.spotify.com/v1/tracks/7lG4154Md1Kw7BMg56Pt4s,audio_features,spotify:track:7lG4154Md1Kw7BMg56Pt4s,0.614,Later On,The Swon Brothers,86,48,31139
0,0.0311,https://api.spotify.com/v1/audio-analysis/3QkXEz9TxApuk1JpDmeWnS,0.644,277013,0.739,3QkXEz9TxApuk1JpDmeWnS,0,1,0.0772,-5.103,1,0.137,74.154,4,https://api.spotify.com/v1/tracks/3QkXEz9TxApuk1JpDmeWnS,audio_features,spotify:track:3QkXEz9TxApuk1JpDmeWnS,0.231,Deuces,Chris Brown Featuring Tyga & Kevin McCall,14,96,5170354
0,0.0319,https://api.spotify.com/v1/audio-analysis/0qOnSQQF0yzuPWsXrQ9paz,0.646,210960,0.795,0qOnSQQF0yzuPWsXrQ9paz,0,9,0.267,-3.293,1,0.0976,89.99,4,https://api.spotify.com/v1/tracks/0qOnSQQF0yzuPWsXrQ9paz,audio_features,spotify:track:0qOnSQQF0yzuPWsXrQ9paz,0.796,Stereo Hearts,Gym Class Heroes Featuring Adam Levine,92,70,736398